step,train_loss,val_loss,lr,elapsed_s
250,3.4689,3.4587,0.001000,104
500,2.7737,2.7594,0.000994,263
750,2.4181,2.4136,0.000980,397
1000,2.2230,2.2183,0.000959,539
1250,2.0844,2.0956,0.000929,678
1500,2.0155,2.0270,0.000893,814
1750,1.9620,1.9821,0.000851,954
2000,1.9091,1.9263,0.000803,1092
2250,1.8656,1.8734,0.000750,1224
2500,1.8320,1.8501,0.000694,1358
2750,1.8005,1.8251,0.000635,1487
3000,1.7658,1.7916,0.000575,1612
3250,1.7378,1.7623,0.000514,1735
3500,1.7286,1.7607,0.000454,1864
3750,1.7113,1.7285,0.000395,2013
4000,1.6854,1.7154,0.000339,2150
4250,1.6667,1.6973,0.000288,2283
4500,1.6495,1.6867,0.000241,2415
4750,1.6397,1.6639,0.000199,2549
5000,1.6292,1.6805,0.000165,2684
5250,1.6315,1.6616,0.000137,2829
5500,1.6179,1.6489,0.000116,3012
5750,1.5978,1.6493,0.000104,3223
6000,1.6012,1.6374,0.000100,3439
